AA,mean,stdev,pval
A,0.000458,0.003527,0.948553
C,-0.679263,-0.005731,0
D,0.155153,0.006613,0
E,0.218399,0.007699,0
F,-0.425457,-0.00346,0
G,-0.074476,-0.004995,0
H,0.032975,0.007632,0.000523
I,-0.340828,-0.0023,0
K,0.066091,0.00531,0
L,-0.322304,-0.002167,0
M,-0.120361,-0.00612,0
N,0.331463,0.005253,0
P,0.326608,0.007547,0
Q,0.285068,0.010882,0
R,0.079536,0.005669,0
S,0.376336,0.00442,0
T,0.169424,0.008863,0
V,-0.260009,-0.002825,0
W,-0.639081,-0.005648,0
Y,-0.394024,-0.005118,0