AA,mean,stdev,pval
A,-0.331952,-0.005275,0.000063
C,1.647845,0.020186,0.016368
D,-0.162411,-0.009054,0.077168
E,0.255776,0.003019,0.007372
F,1.745765,0.038456,0
G,-0.457485,-0.020802,0
H,-0.270442,-0.016615,0.026947
I,0.47099,0.008145,0.000166
K,0.026487,0.022776,0.783439
L,1.155014,0.007932,0
M,0.280232,0.004584,0.058061
N,-0.293696,-0.015131,0.000001
P,-0.32704,-0.030239,0.000002
Q,-0.005825,-0.018661,0.953856
R,0.109526,0.011947,0.286625
S,-0.352261,-0.008793,0
T,-0.374888,-0.016484,0.000001
V,-0.076336,-0.014367,0.508912
W,2.254582,0.185452,0.000007
Y,1.528344,0.02974,0