,aa,pred
0,N,0.5120584
1,F,0.6338602
2,G,0.51111853
3,D,0.5081573
4,A,0.50851154
5,V,0.51007426
6,Y,0.5749004
7,P,0.5095696
8,M,0.5083047
9,N,0.512191
10,G,0.5107248
11,N,0.5150654
12,F,0.64368904
13,T,0.5089769
14,L,0.50932616
15,L,0.50852764
16,P,0.50951016
17,S,0.50759137
18,D,0.50729823
19,F,0.54690933
20,T,0.5076841
21,R,0.50746703
22,E,0.50752044
23,P,0.5076233
24,N,0.5077091
25,D,0.5040925
26,S,0.50737673
27,F,0.58610404
28,F,0.65489316
29,Y,0.61062294
30,E,0.50872344
31,N,0.5085817
32,D,0.50294167
33,G,0.50885075
34,I,0.4910927
35,F,0.55163664
36,D,0.5234367
37,Y,0.5541614
38,Q,0.50842774
39,R,0.50788206
40,I,0.48316154
41,Q,0.5090666
42,Q,0.50862277
43,Q,0.50866175
44,P,0.50804365
45,T,0.5076096
46,Q,0.51148164
47,F,0.5504505
48,Q,0.5100084
49,T,0.50869906
