,aa,pred
0,W,0.5338469
1,Y,0.91877824
2,P,0.51716316
3,A,0.5092828
4,S,0.5081874
5,K,0.53136736
6,T,0.5111028
7,Y,0.7187701
8,Y,0.6783534
9,P,0.51878804
10,D,0.5145093
11,N,0.51942295
12,Y,0.63264805
13,P,0.5152097
14,M,0.515724
15,Y,0.9033499
16,N,0.53530294
17,N,0.515176
18,N,0.52327883
19,L,0.51017153
20,F,0.5860588
21,Q,0.5170992
22,N,0.5110292
23,P,0.5079359
24,P,0.5084509
25,G,0.5082247
26,N,0.5214084
27,Y,0.5890698
28,N,0.5279238
29,Q,0.5171307
30,W,0.5621469
31,Y,0.612985
32,N,0.5141523
33,Q,0.50801057
34,N,0.512077
35,Q,0.5081415
36,P,0.508459
37,Q,0.5161532
38,S,0.50938165
39,F,0.5636622
40,P,0.5177957
41,Y,0.59476525
42,N,0.56232476
43,Y,0.66158354
44,P,0.5105205
45,Q,0.51436836
46,P,0.5132367
47,F,0.5787556
48,R,0.51056415
49,Q,0.51250976
