aas,coef
D,-4.937765915300637
E,-3.9203882234471514
K,-3.8143372317589184
R,-0.10246000755755029
H,-1.1737047425178893
Q,-1.1468256043735667
N,-1.4905388132433777
C,0.3084113020065817
S,-5.51624035289802
T,-5.099464425966275
A,-2.1115491592785327
V,-1.5889386293292325
M,2.9668046826787977
L,7.868975207322527
I,3.184678773784938
F,8.836906687221902
Y,7.631759894734228
W,4.206250071528147
G,-3.1169039944285384
P,-1.291421246399485
