aas,coef
D,-36.363003586635415
E,-30.782320001442724
K,-37.77948998806249
R,-8.610816952653812
H,-0.12222610677834043
Q,-11.098318960873753
N,-7.607605916234853
C,-5.059186477144249
S,-20.09872130120698
T,-17.8331017572265
A,-17.646300367208937
V,-19.9694149460492
M,10.519853730917578
L,14.817345986929348
I,5.699592887496628
F,64.36003363180293
Y,59.48281042459832
W,88.6899872536004
G,-12.403395969613237
P,-13.798936722866328
